,random_seed,fully_trained_f1,holdout_f1
0,148,0.8697368421052631,0.5512842034581165
1,0,0.8186813186813187,0.5300632911392404
2,601,0.8120253164556963,0.558641975308642
