,random_seed,fully_trained_f1,holdout_f1
0,148,0.6601398601398601,0.4460637605725439
1,0,0.6601398601398601,0.4273138832997988
2,601,0.6601398601398601,0.44568868980963045
