,random_seed,fully_trained_f1,holdout_f1
0,148,0.8579626972740317,0.5467032967032968
1,0,0.8579626972740317,0.5232251048625136
2,601,0.8981481481481481,0.49873417721518987
