,random_seed,fully_trained_f1,holdout_f1
0,148,0.8186813186813187,0.5718918918918918
1,0,0.8171898606681216,0.5827186512118019
2,601,0.7285921625544267,0.5718918918918918
